<?xml version="1.0" encoding="UTF-8"?>
<!DOCTYPE mapper PUBLIC "-//mybatis.org//DTD Mapper 3.0//EN" "http://mybatis.org/dtd/mybatis-3-mapper.dtd">
<mapper namespace="com.oracle.springboot.mapper.ProductMapper">
    <resultMap id="ProductResultMap" type="com.oracle.springboot.entity.Product">
        <id column="productname" jdbcType="VARCHAR" property="productname"/>
        <result column="unitprice" jdbcType="VARCHAR" property="unitprice"/>
        <result column="unit" jdbcType="VARCHAR" property="unit"/>
    </resultMap>
    <sql id="Product_Column_List">
        productname
        , unitprice
        , unit
    </sql>
    <select id="selectProductList" resultMap="ProductResultMap">
        select
        <include refid="Product_Column_List"/>
        from product
    </select>

    <select id="selectProductByProductname" parameterType="string" resultMap="ProductResultMap">
        select
        <include refid="Product_Column_List"/>
        from product
        where productname = #{productname,jdbcType=VARCHAR}
    </select>

    <insert id="insertProduct" keyColumn="productname" keyProperty="productname"
            parameterType="com.oracle.springboot.entity.Product">
        insert into product ( productname
                           , unitprice
                           , unit)
        values (#{productname,jdbcType=VARCHAR}, #{unitprice,jdbcType=VARCHAR}, #{unit,jdbcType=VARCHAR})
    </insert>

    <update id="updateProductByProductname" keyColumn="productname" keyProperty="productname"
            parameterType="com.oracle.springboot.entity.Product">
        update product
        set unitprice = #{unitprice,jdbcType=VARCHAR}
            , unit = #{unit,jdbcType=VARCHAR}
        where productname = #{productname,jdbcType=VARCHAR}
    </update>

    <delete id="deleteProductByProductname" parameterType="string">
        delete
        from product
        where productname = #{productname,jdbcType=VARCHAR}
    </delete>
</mapper>
